{"cameraMode":{"drawMode":0,"name":"Shaded","section":"Shading Mode"},"sceneLighting":false,"audioPlay":false,"sceneViewState":{"showFog":true,"showMaterialUpdate":false,"showSkybox":false,"showFlares":true,"showImageEffects":true,"showParticleSystems":true},"in2DMode":false,"pivot":{"x":2.9802322387695315e-8,"y":0.4744337797164917,"z":18.184585571289064},"rotation":{"x":-0.22665457427501679,"y":-0.46697285771369936,"z":0.12518011033535005,"w":-0.8455151915550232},"size":2.95407772064209,"orthographic":false}